optimizer,lr,test_acc_mean,test_acc_std,macro_f1_mean,conv_ep_90_mean,train_time_mean,diverged_count
Adam,0.001,0.9549794238683127,0.004207202607121673,0.9539884314839133,10.0,100.94923146565755,0
NAG,0.01,0.9546502057613169,0.006277305338491633,0.953369820234813,13.333333333333334,97.77814523379008,0
SGD_Momentum,0.01,0.9545679012345679,0.006574581212688575,0.9533254101932807,14.0,97.48422582944234,0
RMSProp,0.001,0.9519341563786008,0.003563890550553197,0.950486080959748,14.0,99.70027263959248,0
Adagrad,0.01,0.9471604938271606,0.002431816741184204,0.9449234943784269,21.0,99.2208890914917,0
SGD,0.01,0.9164609053497942,0.002055966419225766,0.913072279286264,79.0,96.22050094604492,0
