{
  "LR+PCA(50)": {
    "accuracy": 0.4402469135802469,
    "macro_precision": 0.415965570961664,
    "macro_recall": 0.4293333333333333,
    "macro_f1": 0.41427796370907394,
    "per_class_f1": [
      0.44920782851817337,
      0.6308851224105462,
      0.4140127388535032,
      0.2140468227424749,
      0.7229551451187335,
      0.3374340949033392,
      0.11553784860557768,
      0.4629822732012513,
      0.38440111420612816,
      0.41131664853101196
    ],
    "confusion_matrix": [
      [
        241,
        5,
        52,
        15,
        17,
        13,
        44,
        33,
        25,
        5
      ],
      [
        0,
        335,
        0,
        1,
        0,
        2,
        0,
        3,
        0,
        109
      ],
      [
        100,
        7,
        195,
        23,
        11,
        1,
        23,
        61,
        19,
        10
      ],
      [
        43,
        12,
        56,
        64,
        13,
        24,
        10,
        57,
        74,
        22
      ],
      [
        4,
        0,
        4,
        7,
        274,
        0,
        0,
        75,
        11,
        0
      ],
      [
        1,
        85,
        9,
        15,
        4,
        96,
        13,
        5,
        23,
        49
      ],
      [
        193,
        6,
        65,
        27,
        10,
        5,
        29,
        19,
        19,
        2
      ],
      [
        33,
        0,
        74,
        49,
        41,
        0,
        3,
        222,
        22,
        6
      ],
      [
        7,
        36,
        33,
        20,
        10,
        33,
        5,
        16,
        138,
        77
      ],
      [
        1,
        126,
        4,
        2,
        3,
        95,
        0,
        18,
        12,
        189
      ]
    ],
    "roc_auc": 0.8627079562106322,
    "train_time": 132.66459274291992,
    "best_C": 0.01,
    "cv_acc": 0.42923747276688456
  },
  "LR+PCA(100)": {
    "accuracy": 0.4382716049382716,
    "macro_precision": 0.41777904516005354,
    "macro_recall": 0.42777777777777776,
    "macro_f1": 0.4158802901758344,
    "per_class_f1": [
      0.43008678881388623,
      0.6330532212885154,
      0.41445270988310307,
      0.23870967741935484,
      0.7337748344370861,
      0.31802120141342755,
      0.1455223880597015,
      0.4490644490644491,
      0.38737446197991393,
      0.4087431693989071
    ],
    "confusion_matrix": [
      [
        223,
        4,
        51,
        17,
        13,
        17,
        59,
        38,
        23,
        5
      ],
      [
        0,
        339,
        0,
        1,
        0,
        2,
        0,
        3,
        0,
        105
      ],
      [
        95,
        9,
        195,
        24,
        12,
        1,
        28,
        57,
        18,
        11
      ],
      [
        44,
        11,
        53,
        74,
        13,
        27,
        9,
        56,
        66,
        22
      ],
      [
        3,
        0,
        6,
        7,
        277,
        0,
        0,
        77,
        5,
        0
      ],
      [
        1,
        90,
        10,
        13,
        3,
        90,
        14,
        5,
        25,
        49
      ],
      [
        181,
        6,
        65,
        30,
        9,
        4,
        39,
        18,
        20,
        3
      ],
      [
        29,
        0,
        78,
        50,
        43,
        0,
        8,
        216,
        20,
        6
      ],
      [
        10,
        35,
        29,
        27,
        7,
        30,
        4,
        21,
        135,
        77
      ],
      [
        1,
        127,
        4,
        2,
        3,
        95,
        0,
        21,
        10,
        187
      ]
    ],
    "roc_auc": 0.8622244012597632,
    "train_time": 222.17336988449097,
    "best_C": 0.1,
    "cv_acc": 0.4292374727668845
  },
  "LR+PCA(200)": {
    "accuracy": 0.4414814814814815,
    "macro_precision": 0.42644207941324985,
    "macro_recall": 0.4320444444444445,
    "macro_f1": 0.42442298208619045,
    "per_class_f1": [
      0.43636363636363634,
      0.6313799621928167,
      0.4236559139784946,
      0.24358974358974358,
      0.7292225201072386,
      0.3093145869947276,
      0.22408026755852842,
      0.42531120331950206,
      0.40896358543417366,
      0.412348401323043
    ],
    "confusion_matrix": [
      [
        216,
        4,
        44,
        13,
        11,
        14,
        68,
        40,
        35,
        5
      ],
      [
        0,
        334,
        0,
        1,
        0,
        4,
        0,
        3,
        1,
        107
      ],
      [
        90,
        7,
        197,
        21,
        10,
        3,
        35,
        63,
        14,
        10
      ],
      [
        40,
        12,
        48,
        76,
        15,
        26,
        20,
        55,
        62,
        21
      ],
      [
        5,
        0,
        6,
        9,
        272,
        1,
        2,
        76,
        4,
        0
      ],
      [
        2,
        88,
        9,
        15,
        1,
        88,
        12,
        5,
        29,
        51
      ],
      [
        153,
        5,
        66,
        24,
        7,
        8,
        67,
        23,
        20,
        2
      ],
      [
        26,
        0,
        80,
        58,
        41,
        1,
        13,
        205,
        18,
        8
      ],
      [
        8,
        33,
        25,
        29,
        11,
        27,
        5,
        25,
        146,
        66
      ],
      [
        0,
        125,
        5,
        3,
        3,
        97,
        1,
        19,
        10,
        187
      ]
    ],
    "roc_auc": 0.8617311817082388,
    "train_time": 420.80721139907837,
    "best_C": 0.01,
    "cv_acc": 0.43010893246187365
  },
  "LR+PCA(500)": {
    "accuracy": 0.44222222222222224,
    "macro_precision": 0.431336021487407,
    "macro_recall": 0.43502222222222214,
    "macro_f1": 0.43020660297953794,
    "per_class_f1": [
      0.4189473684210526,
      0.6347417840375587,
      0.4355362946912243,
      0.2621951219512195,
      0.7031463748290013,
      0.3117744610281924,
      0.25076452599388377,
      0.37897042716319823,
      0.4825662482566248,
      0.42342342342342343
    ],
    "confusion_matrix": [
      [
        199,
        6,
        47,
        20,
        10,
        20,
        77,
        42,
        25,
        4
      ],
      [
        0,
        338,
        0,
        1,
        0,
        4,
        0,
        2,
        0,
        105
      ],
      [
        82,
        8,
        201,
        25,
        9,
        6,
        42,
        57,
        9,
        11
      ],
      [
        38,
        17,
        43,
        86,
        16,
        24,
        22,
        51,
        53,
        25
      ],
      [
        7,
        0,
        9,
        16,
        257,
        2,
        6,
        64,
        13,
        1
      ],
      [
        6,
        92,
        14,
        9,
        1,
        94,
        11,
        4,
        16,
        53
      ],
      [
        136,
        5,
        62,
        23,
        7,
        14,
        82,
        28,
        16,
        2
      ],
      [
        19,
        0,
        72,
        72,
        44,
        10,
        29,
        173,
        26,
        5
      ],
      [
        12,
        27,
        18,
        27,
        10,
        32,
        9,
        23,
        173,
        44
      ],
      [
        1,
        122,
        7,
        2,
        2,
        97,
        1,
        19,
        11,
        188
      ]
    ],
    "roc_auc": 0.8582188385487528,
    "train_time": 571.8339817523956,
    "best_C": 0.01,
    "cv_acc": 0.42810457516339867
  }
}